num1,operation,num2,result
123098.0,/,23498.0,5.23865860924334
23456782.0,-,98763.0,23358019.0
21553535.0,/,463753.0,46.476324681457584
23.0,*,56.0,1288.0
234.0,*,234.0,54756.0
